task,protocol,observed_mean_pairwise_sheaf_transport_gap,null_mean,null_sd,z_score,permutation_p_value_high_gap,n_permutations
idh_codel_subtype,strict_no_idh_no_grade_no_clusters,4.779507186477594,4.195569367741009,0.10012977773028851,5.831809738734078,0.009900990099009901,100
grade_label,strict_no_idh_no_grade_no_clusters,4.853034282735588,4.114316335777127,0.07438843728620217,9.930547864391464,0.009900990099009901,100
grade4_status,strict_no_grade_no_clusters,4.4301279725352325,3.6292022504579347,0.04213509227676161,19.00851902276493,0.009900990099009901,100
