label_col,protocol,n_perm,observed_mean_pairwise_frobenius,perm_mean,perm_std,permutation_p_value,z_score_vs_permutation
idh_codel_subtype,full_geometry,100,0.8212070845691949,0.45971523942345693,0.0406448001626709,0.009900990099009901,8.893923817061891
idh_codel_subtype,strict_no_idh_no_clusters,100,0.8116640795879263,0.4512697594269431,0.03918659404234598,0.009900990099009901,9.196875538679812
grade_label,strict_no_grade_no_clusters,100,0.7103644722314657,0.48086214607102334,0.04517102633517517,0.009900990099009901,5.080740775073306
grade4_status,strict_no_grade_no_clusters,100,0.7050782131371915,0.3813039463312024,0.0558714825880083,0.009900990099009901,5.794981515770008
